country,NAME,WEEK1,WEEK2,WEEK3,WEEK4,WEEK5,WEEK6,WEEK7,WEEK8,WEEK9,WEEK10,WEEK11,WEEK12,WEEK13,WEEK14,WEEK15,WEEK16,WEEK17,WEEK18,WEEK19,WEEK20,WEEK21,WEEK22,WEEK23,WEEK24,WEEK25,WEEK26,WEEK27,WEEK28,WEEK29,WEEK30
Brunei,Brunei,0.123481958,0.139438796,0.159255086,0.183535115,0.213221407,0.248240975,0.288647886,0.332659132,0.377042733,0.415235093,0.437457316,0.436724815,0.410192734,0.365360402,0.311920662,0.261220751,0.216762479,0.184855196,0.164199778,0.151623151,0.143242393,0.135678241,0.127986405,0.119826681,0.111538424,0.103295092,0.095282334,0.087749713,0.080662977,0.074389712
Indonesia,Aceh,0.137907911,0.152515495,0.170003655,0.191074646,0.216237368,0.245960162,0.279952913,0.316108954,0.350143117,0.375007591,0.381944212,0.365735982,0.328444955,0.278752333,0.228944004,0.185697877,0.152198836,0.12814919,0.112297571,0.102702616,0.097014688,0.09329771,0.090306743,0.087541962,0.084758412,0.081993303,0.079177906,0.076369215,0.073733034,0.07129677
Indonesia,Bali,0.257368166,0.289447282,0.327889105,0.369377055,0.410650436,0.447042569,0.470738984,0.473260563,0.448527381,0.396912627,0.321296304,0.233490383,0.151737712,0.086586179,0,0,0,0,0,0,0,0,0,0,0,0,0,0,0,0
Indonesia,Banten,0.430644956,0.480111085,0.53821509,0.601642835,0.665105954,0.719613939,0.754031684,0.757150265,0.721511574,0.646794414,0.5420278,0.423756573,0.310238893,0.217667825,0.151110717,0.106189381,0.075944883,0.055248849,0.042961489,0.037143883,0.036210782,0.037838703,0.039889986,0.041806011,0.04323046,0.044040511,0.044237709,0,0,0
Indonesia,Bengkulu,0.344218641,0.386320702,0.436240821,0.492567084,0.552187057,0.609479755,0.657113811,0.686767872,0.690730042,0.663019672,0.603299895,0.51933833,0.424127131,0.335129443,0.261974686,0.207237651,0.168627471,0.143285061,0.128884063,0.122050135,0.119087282,0.117188274,0.115130218,0.112284803,0.108616759,0.10436721,0.099783451,0.095189589,0.090737553,0.086675686
Indonesia,Daerah Istimewa Yogyakarta,0.291918934,0.327868075,0.370762525,0.419284461,0.46772909,0.51053337,0.537199879,0.536178151,0.501738547,0.430786948,0.333867138,0.230056327,0.139030224,0.07380982,0,0,0,0,0,0,0,0,0,0,0,0,0,0,0,0
Indonesia,Dki Jakarta,0.414360582,0.463276292,0.520810162,0.583907871,0.647318316,0.702295641,0.73747242,0.741565308,0.707096429,0.633848376,0.530339225,0.413316188,0.301742766,0.21082947,0.146071572,0.102506284,0.07338415,0.053158275,0.04116986,0.035468423,0.034594048,0.036242412,0.038262033,0.040218251,0.041643226,0.042473913,0.042729041,0,0,0
Indonesia,Gorontalo,0.364093573,0.417664511,0.479680954,0.544092712,0.612398404,0.678684994,0.740947874,0.791921225,0.824388453,0.825874147,0.790654766,0.718663565,0.61388566,0.50134022,0.397975996,0.307183218,0.232422375,0.179113546,0.144132698,0.122483999,0.10805899,0.099478047,0.091882764,0.085740486,0,0,0,0,0,0
Indonesia,Jambi,0.25417402,0.288719591,0.33037041,0.379053621,0.432839081,0.488264811,0.539571606,0.580142521,0.602073812,0.59733921,0.562545776,0.500527745,0.422064038,0.342966859,0.274913004,0.222507568,0.185864566,0.162063525,0.148195585,0.140870684,0.136865348,0.133490952,0.12959804,0.124966517,0.119632396,0.113856883,0.107968,0.102202009,0.096798296,0.091879856
Indonesia,Jawa Barat,0.393130946,0.43976032,0.494463127,0.554873465,0.615292531,0.66703808,0.698924493,0.699449363,0.660704665,0.583647509,0.478108789,0.360918446,0.252684271,0.168170612,0.111365453,0.075525265,0.052783329,0.037188748,0,0,0,0,0,0,0,0,0,0,0,0
Indonesia,Jawa Tengah,0.305082179,0.344753397,0.391943334,0.444913105,0.498535976,0.545627056,0.575535491,0.577465562,0.544192379,0.473375219,0.375020974,0.26728536,0.171693621,0.101175804,0.058441998,0.036104653,0,0,0,0,0,0,0,0,0,0,0,0,0,0
Indonesia,Jawa Timur,0.237762204,0.271511196,0.311601288,0.356969848,0.402959642,0.444589209,0.473158885,0.478103144,0.452452185,0.392778616,0.307043682,0.211498279,0.125544165,0.06410611,0,0,0,0,0,0,0,0,0,0,0,0,0,0,0,0
Indonesia,Kalimantan Barat,0.231420791,0.264362217,0.303951892,0.349491157,0.398854991,0.448723616,0.493526423,0.526584556,0.540755433,0.530453315,0.492969917,0.433672739,0.362469934,0.292468865,0.232803832,0.186634305,0.152453546,0.128876942,0.114775699,0.107681447,0.103684109,0.100793157,0.097431365,0.093298397,0.088532574,0.083520957,0.078506667,0.073644538,0.069146633,0.065112743
Indonesia,Kalimantan Selatan,0.3012328,0.344171083,0.395133536,0.4519266,0.510983624,0.566123587,0.609190245,0.630581394,0.622941512,0.58056742,0.508217081,0.414527861,0.318834655,0.23687788,0.176374279,0.135145411,0.106223669,0.085175208,0.070540542,0.061843451,0.057187212,0.0542337,0.052406828,0.050825182,0.048982911,0.046853853,0.044711025,0.042465324,0,0
Indonesia,Kalimantan Tengah,0.267975206,0.306355231,0.35221755,0.404167767,0.459123173,0.512168716,0.556175798,0.582890561,0.584251186,0.556083177,0.49889052,0.421976983,0.340547821,0.267267727,0.210496945,0.168312476,0.135587471,0.111559701,0.095468221,0.086301572,0.081656508,0.078914902,0.076406919,0.0735856,0.070350121,0.066807529,0.063213542,0.059685043,0.056373475,0.053460927
Indonesia,Kalimantan Timur,0.269529419,0.308172191,0.353213012,0.404618593,0.4598771,0.515121302,0.565170632,0.602774934,0.619727921,0.610012572,0.571375016,0.507621144,0.429899268,0.354097483,0.289240376,0.237557066,0.194296789,0.162507453,0.139436808,0.125052702,0.11588158,0.109377346,0.103033723,0.09666255,0.090092507,0.083346248,0.076896191,0.07087712,0.065453962,0.060643927
Indonesia,Kalimantan Utara,0.182377654,0.208869106,0.240657112,0.278375531,0.321598735,0.369572117,0.420030616,0.468399701,0.510133372,0.538004343,0.543735821,0.522285575,0.478643692,0.423369893,0.361420723,0.30335488,0.254197268,0.213077028,0.184152824,0.165758298,0.153560794,0.143434433,0.133520643,0.1237189,0.114020287,0.104617558,0.0956786,0.087319391,0.079776712,0.072963839
Indonesia,Kepulauan Bangka Belitung,0.323637388,0.365852099,0.415909387,0.472273694,0.531687699,0.588732335,0.636357632,0.666118434,0.670006331,0.642324077,0.58281165,0.499189033,0.40497832,0.316273858,0.242780816,0.187155356,0.147758874,0.122345323,0.107825288,0.10101931,0.098315262,0.096919667,0.095393294,0.093306792,0.090500472,0.087133245,0.08347166,0.079725455,0.076117268,0.072796213
Indonesia,Kepulauan Riau,0.088025432,0.102988824,0.122419619,0.146649172,0.176232818,0.211198019,0.250397045,0.291544521,0.330048852,0.358687902,0.369352076,0.355387555,0.318021035,0.266845466,0.214970437,0.172507362,0.143653187,0.127333414,0.119709656,0.116297015,0.114084383,0.111334253,0.107667119,0.103174621,0.098076535,0.092741044,0.087483358,0.082439981,0.077787198,0.073662842
Indonesia,Lampung,0.421270139,0.470930195,0.528726822,0.592406067,0.656694487,0.714180043,0.754787258,0.768261862,0.747459565,0.68913452,0.598478399,0.48821039,0.377658272,0.281195306,0.206297407,0.152511448,0.114739417,0.08940991,0.074630854,0.067999358,0.06648097,0.066793535,0.067720087,0.068130252,0.067909846,0.067112679,0.065698586,0.063955163,0.062181291,0.060444041
Indonesia,Maluku,0,0,0,0,0,0,0,0,0,0,0,0,0,0,0,0,0,0,0,0,0,0,0,0,0,0,0,0,0,0
Indonesia,Maluku Utara,0,0,0,0,0,0.410370911,0.483116508,0.545371129,0.598901899,0.60758197,0.572867637,0.525272916,0.43744736,0.334095779,0,0,0,0,0,0,0,0,0,0,0,0,0,0,0,0
Indonesia,Nusa Tenggara Barat,0.354828967,0.393363573,0.436842378,0.484320249,0.528218612,0.565248453,0.587483642,0.586175748,0.556492272,0.499587352,0.419303809,0.324906724,0.232005192,0.152374167,0.092298732,0,0,0,0,0,0,0,0,0,0,0,0,0,0,0
Indonesia,Nusa Tenggara Timur,0.42284644,0.469652705,0.521874133,0.573941126,0.625613136,0.664909724,0.688508908,0.685805116,0.651249199,0.592503767,0.507072017,0.405628689,0.302036993,0.211227141,0.137969238,0,0,0,0,0,0,0,0,0,0,0,0,0,0,0
Indonesia,Papua,0,0,0,0,0,0,0,0,0,0,0,0,0,0,0,0,0,0,0,0,0,0,0,0,0,0,0,0,0,0
Indonesia,Papua Barat,0,0,0,0,0,0,0,0,0,0,0,0,0,0,0,0,0,0,0,0,0,0,0,0,0,0,0,0,0,0
Indonesia,Riau,0.150277093,0.173580745,0.20328972,0.239774511,0.282815634,0.331124039,0.381968308,0.430530289,0.469727831,0.490699226,0.486004163,0.453006825,0.398347128,0.335209183,0.275970032,0.229152563,0.19586255,0.173891594,0.160498466,0.152720953,0.147346498,0.142316749,0.136872239,0.13083781,0.12432844,0.117646908,0.11103093,0.104716829,0.098872588,0.093644095
Indonesia,Sulawesi Barat,0.422935173,0.478518022,0.539162915,0.604042239,0.668740939,0.72588398,0.767250369,0.784827385,0.768706985,0.71624865,0.629476457,0.517941513,0.401004345,0.295139528,0.211931958,0.152034944,0.110368812,0.082786879,0.06512423,0.054202333,0,0,0,0,0,0,0,0,0,0
Indonesia,Sulawesi Selatan,0.440593517,0.495236417,0.555244386,0.618722242,0.679951685,0.731941331,0.768636836,0.779991696,0.756961201,0.696243922,0.603603069,0.488791989,0.369807375,0.263472637,0.17859856,0.11974901,0.079503731,0,0,0,0,0,0,0,0,0,0,0,0,0
Indonesia,Sulawesi Tengah,0.426059248,0.482480457,0.546609727,0.614207155,0.681777413,0.742996519,0.789987798,0.814462434,0.806181013,0.762699069,0.684402899,0.576323321,0.458813734,0.348437844,0.258744494,0.188820461,0.140130662,0.107418797,0.084771751,0.071203901,0.063736984,0.058969834,0,0,0,0,0,0,0,0
Indonesia,Sulawesi Tenggara,0.44008489,0.493805932,0.551917838,0.61260701,0.670570884,0.719296513,0.751183608,0.758659135,0.732748936,0.674030393,0.588361307,0.481956479,0.367384095,0.261784202,0.173119076,0.111661104,0,0,0,0,0,0,0,0,0,0,0,0,0,0
Indonesia,Sulawesi Utara,0.335492972,0.380002875,0.43771027,0.500124195,0.565835725,0.636739791,0.706869571,0.759086598,0.799077039,0.803226322,0.771027194,0.701275956,0.610525392,0.499723362,0.386556502,0.28535624,0.205578243,0.143603144,0,0,0,0,0,0,0,0,0,0,0,0
Indonesia,Sumatera Barat,0.181476974,0.207648975,0.240822659,0.281142106,0.328119089,0.379787757,0.432444807,0.480583227,0.516708027,0.531658671,0.518859944,0.477434407,0.415746142,0.348335131,0.287589015,0.240188482,0.206688446,0.18439251,0.17067813,0.162723065,0.157221663,0.152077502,0.146418328,0.140096866,0.133271819,0.12616634,0.119093033,0.112344932,0.106087238,0.100494802
Indonesia,Sumatera Selatan,0.355333798,0.399353332,0.451394776,0.509534778,0.570288514,0.627798167,0.674482841,0.701589044,0.700877035,0.667462526,0.601727674,0.512615869,0.41384953,0.322550333,0.247888253,0.191926891,0.152302159,0.126415562,0.11163527,0.104870072,0.102250456,0.100999675,0.099702963,0.097791173,0.095119596,0.091844006,0.088241741,0.08453837,0.08089723,0.077534724
Indonesia,Sumatera Utara,0.129559747,0.147118667,0.169285289,0.196545191,0.229363145,0.267817841,0.310728899,0.355239437,0.395495685,0.423080756,0.429313314,0.409008277,0.366479773,0.311916738,0.259166269,0.215252916,0.182561674,0.160267744,0.145552803,0.136399131,0.130326029,0.125327194,0.120499119,0.115523924,0.110333835,0.105151161,0.100036087,0.095119475,0.090579361,0.086512776
Malaysia,Johor,0.119426057,0.139210527,0.164626098,0.196030027,0.233642572,0.276919604,0.323998007,0.37110136,0.412151808,0.438740635,0.442062721,0.418131327,0.371432822,0.312735101,0.256242655,0.210435916,0.17781656,0.157123118,0.145078956,0.13810282,0.133326484,0.12890421,0.124066548,0.118611478,0.112764149,0.106769582,0.100826946,0.095154808,0.08992251,0.085254815
Malaysia,Kedah,0.12370736,0.136064497,0.150745855,0.168250151,0.189454363,0.214865648,0.244329259,0.276439045,0.307689252,0.331489343,0.340058587,0.326812851,0.292309877,0.245266069,0.196821674,0.155719836,0.125190733,0.105143669,0.09340852,0.087171952,0.083908559,0.081689046,0.079751983,0.077662349,0.075451172,0.073087822,0.070675129,0.068305394,0.066050026,0.064036526
Malaysia,Kelantan,0.114961555,0.128057956,0.143861442,0.163012501,0.18626317,0.214063057,0.246242183,0.281152546,0.315057588,0.341127995,0.350745958,0.337821844,0.302164819,0.253830827,0.204275673,0.162493923,0.132241524,0.11305969,0.102284869,0.096622103,0.093491872,0.091068463,0.088619972,0.085918953,0.082958328,0.079835643,0.076708704,0.073654441,0.07080265,0.068253497
Malaysia,Kuala Lumpur,0.114711668,0.13137595,0.152232764,0.178120874,0.209436859,0.246288066,0.287659884,0.330924603,0.370900864,0.399633516,0.407794279,0.390307512,0.349622441,0.296050815,0.243219507,0.199310356,0.16730957,0.146475294,0.13382307,0.126347851,0.121434976,0.117285982,0.113048695,0.108467055,0.103632671,0.098703371,0.093822495,0.089153247,0.084826149,0.080970314
Malaysia,Labuan,0.123134405,0.136982425,0.15389283,0.17485444,0.200353892,0.231424725,0.268434253,0.310693718,0.356323161,0.399321793,0.429295881,0.438369845,0.419905365,0.377455494,0.32482226,0.270405372,0.223272605,0.189627628,0.168157098,0.15553941,0.146920499,0.139448334,0.131778042,0.123540669,0.115098927,0.106679903,0.098369659,0.090467861,0.083029121,0.076220212
Malaysia,Melaka,0.117112982,0.135601814,0.159283417,0.188591819,0.223917664,0.264988033,0.310301491,0.356569984,0.397881486,0.425786472,0.431637181,0.41052783,0.366327937,0.30964312,0.254882213,0.209904253,0.177544804,0.156670385,0.144082831,0.136645208,0.131606014,0.127043968,0.122249188,0.11697801,0.111375719,0.10566426,0.100010373,0.094611671,0.089637525,0.085196558
Malaysia,Negeri Sembilan,0.113849861,0.131352865,0.153493287,0.180963943,0.214172603,0.25311778,0.296419357,0.341297133,0.38205795,0.410783721,0.418303361,0.399145086,0.35695834,0.302049147,0.248217884,0.203797428,0.171686818,0.150919097,0.138519733,0.131205004,0.126323656,0.122027412,0.117473915,0.112578226,0.107352054,0.102001005,0.096727788,0.091682128,0.087019638,0.082862284
Malaysia,Pahang,0.109344372,0.12500026,0.14451139,0.168672132,0.197970665,0.232632573,0.271873371,0.313387696,0.352380576,0.381018064,0.390537592,0.375017171,0.335887311,0.283742819,0.231538799,0.188004217,0.156587383,0.136637686,0.125108878,0.118532772,0.114349392,0.110744407,0.106960791,0.102833452,0.098396183,0.093829267,0.089314596,0.084966298,0.080942431,0.077359211
Malaysia,Perak,0.118787477,0.132733548,0.149682203,0.170243485,0.195143187,0.22476944,0.258817213,0.295485489,0.33052463,0.357041049,0.366126708,0.351979675,0.315472597,0.265920934,0.21577287,0.173338547,0.142187656,0.121755022,0.109604363,0.102781497,0.09880582,0.095830481,0.092922772,0.08988918,0.086661432,0.083309549,0.079964899,0.076703721,0.073670572,0.07094799
Malaysia,Perlis,0.126202212,0.137863414,0.151583303,0.167870141,0.187550614,0.211202295,0.238793132,0.269013459,0.298464321,0.32113698,0.329078501,0.316292538,0.282539801,0.236591924,0.189069154,0.148529552,0.118217698,0.098282585,0.0866686,0.080598257,0.077551192,0.075663369,0.074066096,0.072397177,0.070588844,0.068629909,0.066616504,0.06461136,0.062688787,0.06096432
Malaysia,Pulau Pinang,0.123704852,0.136857017,0.152652286,0.171578157,0.194485283,0.221797782,0.253318483,0.287424624,0.320358152,0.345282457,0.353758149,0.340032051,0.304374106,0.256284828,0.207106897,0.165132301,0.134097695,0.113404226,0.100990889,0.094096771,0.090282541,0.087636956,0.085240862,0.082760956,0.080160671,0.077428367,0.074669386,0.071980264,0.069433864,0.067146568
Malaysia,Sabah,0.141141062,0.157023401,0.176009638,0.199381465,0.227667956,0.261854634,0.303048745,0.351000393,0.404314339,0.459132948,0.504424175,0.52883335,0.522161233,0.484555578,0.424678746,0.355440734,0.291791654,0.240121872,0.205743796,0.183778388,0.16854159,0.156739678,0.14618341,0.136094909,0.12626376,0.116687253,0.107503394,0.098880128,0.090825113,0.08342104
Malaysia,Sarawak,0.146021899,0.168554031,0.196613204,0.23018669,0.269242248,0.312522174,0.357144593,0.399311407,0.433407196,0.451915679,0.448516854,0.421308332,0.375225007,0.320577707,0.268202474,0.223212856,0.187319817,0.162010857,0.145564895,0.135756125,0.129151252,0.123389911,0.117279736,0.110308964,0.103141637,0.095925135,0.088974356,0.082414351,0.076417647,0.07115558
Malaysia,Selangor,0.115387432,0.131726443,0.152191745,0.177502585,0.208132408,0.244222978,0.284857872,0.327504385,0.36706967,0.395705402,0.404074073,0.3870507,0.346858456,0.293668054,0.241200845,0.19735517,0.165383229,0.144490537,0.131808162,0.124314039,0.119418081,0.11533391,0.111211171,0.106777107,0.102103445,0.097335856,0.092612452,0.088090642,0.083898937,0.080159
Malaysia,Trengganu,0.108613954,0.122153146,0.13863985,0.158876651,0.18345282,0.212830041,0.246702124,0.283415586,0.318829441,0.34612557,0.356598334,0.343711429,0.307787845,0.258482933,0.208224165,0.166100064,0.135939822,0.117362428,0.107208948,0.101977382,0.098972439,0.096453003,0.093681509,0.090633259,0.087226549,0.083648279,0.080057924,0.076573614,0.073358389,0.07047568
Philippines,BARMM,0.104952423,0.110139329,0.118092382,0.130847726,0.148391873,0.173955058,0.209326132,0.256947922,0.318608261,0.393347827,0.473271292,0.541660504,0.57934698,0.566363522,0.506987853,0.416134419,0.317564404,0.229504417,0.16352471,0.119940903,0.094418891,0.082111983,0.078092973,0.079461951,0.083828932,0.089556328,0.096445583,0.103799206,0.112005585,0.120855777
Philippines,CAR,0.080127872,0.079242884,0.078365678,0.078134856,0.078885825,0.082582218,0.090816802,0.107574515,0.136295154,0.177692282,0.228432636,0.275748603,0.302008406,0.293044034,0.247812117,0.184453327,0.12226856,0.076534327,0.050692026,0.041217328,0.041556781,0.046758251,0.054840677,0.064281571,0.074768279,0.085744701,0.097071526,0.108374251,0.119329482,0.129803391
Philippines,NCR,0.080978443,0.08126179,0.081920337,0.083281677,0.08624734,0.09235209,0.104009007,0.125335278,0.158485849,0.204551675,0.259810987,0.310401891,0.337201569,0.326111897,0.279517131,0.211431246,0.144672887,0.093525478,0.062887103,0.050034921,0.048072049,0.052146445,0.059130017,0.067637733,0.077546071,0.088065136,0.098967096,0.110043909,0.120871546,0.131280504
Philippines,Region I,0.08165282,0.080952319,0.080542145,0.080435656,0.08153679,0.084989581,0.093772864,0.110744209,0.139509355,0.180889452,0.232095788,0.279251574,0.305820233,0.295911644,0.251345539,0.18880342,0.127264483,0.081414583,0.055210938,0.04469015,0.044205214,0.048638262,0.055753316,0.064297042,0.073806275,0.083992521,0.09446093,0.104981851,0.115230942,0.125061916
Philippines,Region II,0.078008151,0.077249289,0.076252706,0.075898932,0.076612203,0.080312505,0.089153463,0.106539732,0.136097596,0.178376939,0.229584707,0.276889037,0.30389936,0.294174184,0.248866038,0.184019252,0.120632192,0.074255544,0.048338839,0.038804593,0.039968119,0.046207747,0.054905173,0.065282168,0.076629864,0.088590474,0.100897236,0.113103912,0.124900017,0.136035118
Philippines,Region III,0.081507741,0.081321714,0.081405938,0.082095804,0.084091033,0.088894215,0.099503473,0.118676309,0.149791391,0.193852866,0.24770189,0.296526321,0.324003314,0.313612954,0.26806846,0.201941384,0.13746541,0.088213616,0.059447222,0.047529685,0.046438766,0.050709196,0.05786514,0.066637258,0.076424851,0.086906415,0.097751772,0.108733673,0.119469274,0.129768253
Philippines,Region IV-A,0.078317751,0.078292196,0.079342457,0.081709268,0.085518706,0.092469214,0.106293173,0.128954702,0.163752621,0.21155033,0.268640169,0.320055907,0.348186205,0.33745804,0.289160681,0.218891173,0.149949452,0.096677395,0.064684792,0.050412917,0.0481697,0.052037223,0.059082437,0.068022569,0.078135629,0.089194332,0.100650489,0.112208403,0.123617151,0.134527136
Philippines,Region IV-B,0.103495551,0.108762368,0.114826328,0.123595289,0.135089318,0.150943648,0.173362112,0.205028585,0.247248025,0.300331081,0.357181416,0.405205074,0.424890638,0.408437466,0.358371605,0.292465695,0.228025838,0.176373817,0.14215501,0.122372267,0.111352486,0.105328932,0.101425294,0.098853651,0.097050105,0.09590041,0.09516696,0.095096298,0.095289188,0.095755165
Philippines,Region IX,0.096282338,0.101586857,0.108404106,0.119183375,0.134673562,0.156767048,0.188186924,0.231002023,0.287318635,0.357984062,0.434135892,0.501373773,0.540174038,0.529533535,0.471167773,0.385515552,0.294067768,0.214135147,0.154737188,0.116818088,0.095577094,0.084955448,0.080998623,0.081106913,0.084593253,0.089476432,0.095584147,0.102275936,0.109537923,0.117392327
Philippines,Region V,0,0.071978474,0.074267149,0.077904004,0.084838688,0.096325935,0.114650625,0.143206302,0.183611625,0.23703066,0.297883324,0.351897534,0.382907435,0.372111233,0.321803513,0.248602384,0.174096341,0.114245895,0.07640819,0.057219165,0.050716165,0.052320076,0.058235028,0.06689474,0.077568257,0.089423702,0.101922333,0.114588129,0.127016245,0.138714498
Philippines,Region VI,0.079538535,0.082667207,0.08694805,0.093843093,0.104408834,0.120081213,0.142672912,0.176039115,0.222364372,0.281314975,0.347579584,0.406172584,0.43794148,0.426355697,0.371312938,0.292575331,0.210593747,0.14434056,0.099640917,0.074687932,0.063475032,0.060959528,0.063677888,0.069494501,0.077505551,0.086782566,0.096902533,0.107399707,0.117958618,0.128299614
Philippines,Region VII,0.08526308,0.08951275,0.095681852,0.10451458,0.116982535,0.1357746,0.162767266,0.200643512,0.252305059,0.316323007,0.38745984,0.450803174,0.484605798,0.472465282,0.417006594,0.333993145,0.246768501,0.172999189,0.121035804,0.089683176,0.074118848,0.068081479,0.067967318,0.071742165,0.07810053,0.086048682,0.094966044,0.104476657,0.114209053,0.123869937
Philippines,Region VIII,0,0,0.082934578,0.090126643,0.101789121,0.118558288,0.143715737,0.179637054,0.228863724,0.290297006,0.358257796,0.417858485,0.450151332,0.441591757,0.388463435,0.307400096,0.223406065,0.152719956,0.103901773,0.074893446,0.061718198,0.058585164,0.061352427,0.068375721,0.077967674,0.088873964,0.100653864,0.112516393,0.124708054,0.136304059
Philippines,Region X,0.097166349,0.10180576,0.108236188,0.118827628,0.134603672,0.15711441,0.189247709,0.233397813,0.292239678,0.363505888,0.440448751,0.509680909,0.54688916,0.535719521,0.47870781,0.390324614,0.294219383,0.209336682,0.146051687,0.104916687,0.08228437,0.072350574,0.070495757,0.073533839,0.079662844,0.087807095,0.09724415,0.107376841,0.117885522,0.128247654
Philippines,Region XI,0,0.112785949,0.119760966,0.131212799,0.147505738,0.172107086,0.206142803,0.253172556,0.314403543,0.389276449,0.467436639,0.534199949,0.570730638,0.560308414,0.502970409,0.413062287,0.313417212,0.223385851,0.154509192,0.109859057,0.084702237,0.07292274,0.069984233,0.07262223,0.078466104,0.086487343,0.09640755,0.106912571,0.117735152,0.128370588
Philippines,Region XII,0.112099763,0.117398114,0.126545565,0.139242307,0.157425783,0.183634986,0.219893712,0.268684536,0.332108372,0.408664459,0.489085539,0.558139426,0.593923363,0.581986623,0.521314575,0.428575823,0.327237034,0.236352882,0.167020296,0.12104163,0.094463883,0.081567881,0.076931865,0.078380004,0.083092875,0.089946853,0.098247323,0.106938602,0.116131053,0.125659616
Philippines,Region XIII,0,0.103203364,0.109598993,0.119538807,0.134830592,0.157452491,0.189486291,0.233819494,0.292318954,0.364171242,0.442646471,0.509121268,0.545446756,0.535399607,0.479216692,0.390802739,0.293676135,0.207487196,0.142867064,0.101619529,0.079170113,0.069370634,0.067710071,0.071315786,0.078560529,0.087812315,0.098108589,0.109224099,0.12038979,0.131527
Singapore,Singapore,0.136164979,0.158644586,0.187293285,0.222397807,0.263966748,0.31066324,0.360082226,0.407811037,0.447044171,0.469406815,0.467098912,0.436776477,0.384392162,0.321580005,0.262586827,0.2153975,0.182014095,0.160919202,0.148625657,0.141637952,0.136946483,0.132520281,0.127559914,0.121900297,0.115796628,0.10950866,0.103240407,0.09726515,0.091736054,0.086817419
Thailand,Amnat Charoen,0.076578943,0.072503167,0.068064156,0.064014379,0.06126549,0.061059241,0.06431118,0.071371595,0.081589364,0.091900682,0.097623122,0.093214426,0.076284033,0.050614399,0.024490014,0,0,0,0.012211241,0.024241327,0.034008132,0.04032274,0.043716348,0.045109753,0.045423439,0.045265749,0.044873767,0.044490167,0.044208444,0.044076387
Thailand,Ang Thong,0.102478564,0.103026429,0.103896495,0.105546113,0.108804097,0.1148133,0.12416566,0.136858402,0.15163653,0.164946913,0.171446451,0.165198333,0.144844405,0.11480916,0.083495664,0.058082108,0.042154575,0.035655512,0.035848406,0.039008859,0.042289455,0.04438734,0.045310753,0.04533074,0.044844465,0.044119474,0.043307795,0.042531701,0.041843443,0.041233588
Thailand,Bangkok Metropolis,0.107042084,0.108448338,0.110136884,0.112817984,0.117112707,0.124088532,0.134338102,0.147687092,0.162736118,0.175771665,0.181531251,0.174044949,0.15218907,0.120609723,0.087813526,0.061070557,0.044013858,0.036601963,0.036114813,0.038825121,0.041866336,0.043914463,0.044829319,0.044994352,0.04461402,0.043947811,0.043264824,0.042549706,0.041877395,0.041373126
Thailand,Bueng Kan,0.068796058,0.06479709,0.060624604,0.056640852,0.054217492,0.05456176,0.058694795,0.067244825,0.08011835,0.094194223,0.104407085,0.104491406,0.091405403,0.068488592,0.043616864,0.024745379,0.015990246,0.017118536,0.024802423,0.034206997,0.042043949,0.047071504,0.049788203,0.050768762,0.050919397,0.050625524,0.050246019,0.049716798,0.049295743,0.048975082
Thailand,Buri Ram,0.091662147,0.09001925,0.088283526,0.087209181,0.08755741,0.09042699,0.096658311,0.106363489,0.118456845,0.129709613,0.134998263,0.128720457,0.109211456,0.080631656,0.0513774,0.029041476,0.017454972,0.01629155,0.022021148,0.029996269,0.036778351,0.04115577,0.043393879,0.044165071,0.044118317,0.043675682,0.04312533,0.042554347,0.042038216,0.041706142
Thailand,Chachoengsao,0.1054325,0.106488478,0.107751798,0.109926477,0.11369107,0.12008802,0.129731811,0.142489664,0.156912998,0.169411591,0.174655976,0.166875878,0.144832889,0.113222554,0.080522855,0.054237916,0.038063116,0.031838735,0.03266844,0.036537894,0.040428571,0.043025656,0.044300719,0.044617842,0.044332426,0.043799105,0.043174207,0.042478184,0.041888737,0.041436096
Thailand,Chai Nat,0.100110076,0.100346926,0.100870242,0.102095178,0.105016409,0.110674774,0.119733636,0.132319598,0.147291587,0.161080532,0.168390784,0.163025123,0.143591432,0.114407151,0.083747217,0.058843305,0.043241968,0.036850761,0.037055221,0.040127136,0.043291033,0.045249966,0.046063548,0.045942371,0.045353139,0.044527975,0.043623387,0.042774815,0.042008431,0.041330287
Thailand,Chaiyaphum,0.088239352,0.08646803,0.084590558,0.083275427,0.08356527,0.086476596,0.092869404,0.103054984,0.116198052,0.129076707,0.136317108,0.132113104,0.114526392,0.087531261,0.059354208,0.037496066,0.02567863,0.023575843,0.027982851,0.034625649,0.040372577,0.043971956,0.045659876,0.046098293,0.045788588,0.045127773,0.044406104,0.043637398,0.04301488,0.04254418
Thailand,Chanthaburi,0.107325335,0.108816601,0.1105332,0.113198132,0.117483981,0.124368939,0.134481938,0.147640122,0.16222865,0.174582684,0.179396426,0.170854337,0.147776317,0.114900656,0.081037727,0.05384944,0.037158773,0.030862188,0.031856444,0.036015909,0.040175486,0.043017341,0.044464288,0.04490537,0.044696377,0.044218904,0.043620653,0.042936415,0.042361313,0.041914645
Thailand,Chiang Mai,0.08148446,0.080227401,0.07899692,0.078485701,0.079893456,0.084328149,0.093153872,0.107289212,0.125935844,0.145735333,0.160768173,0.163668948,0.151477233,0.127395343,0.099757607,0.075893873,0.060119104,0.052706699,0.051460199,0.053202653,0.055164558,0.056176939,0.05594292,0.054916204,0.053482393,0.051969641,0.050396629,0.048716509,0.047267159,0.045979795
Thailand,Chiang Rai,0.073581938,0.071742213,0.069824828,0.068811014,0.069505653,0.073073362,0.081512063,0.095522477,0.114551004,0.135444346,0.152063296,0.157417244,0.147306968,0.124813003,0.098065495,0.074609474,0.059134395,0.052190175,0.051531555,0.053868075,0.056350892,0.057820104,0.058027239,0.05732884,0.056201158,0.054823931,0.053452353,0.052047579,0.050743718,0.049522517
Thailand,Chon Buri,0.108744266,0.110527282,0.112578567,0.115628226,0.120319018,0.127669681,0.138245152,0.151849473,0.166928708,0.179736149,0.184935715,0.17671621,0.153952377,0.121379038,0.087654512,0.060253575,0.042879112,0.035441337,0.035118431,0.038085939,0.041363245,0.043601305,0.044693681,0.044945697,0.044641171,0.044104309,0.043477753,0.042771313,0.042172071,0.04169427
Thailand,Chumphon,0.127182431,0.134089748,0.141791273,0.151060356,0.162741978,0.177506997,0.19564999,0.216488523,0.237494287,0.254177562,0.260119341,0.249713939,0.22208344,0.18326304,0.142475226,0.107267166,0.081317209,0.064946826,0.05633648,0.052748501,0.051644076,0.051329945,0.051136314,0.050793152,0.050291519,0.049627884,0.048876079,0.048058895,0.047236689,0.046495664
Thailand,Kalasin,0.077301614,0.073744236,0.06985236,0.066450596,0.064469306,0.065039123,0.069173017,0.077360965,0.088838281,0.100705571,0.107953271,0.104805334,0.088765816,0.06359006,0.037506863,0.018162045,0,0.011168726,0.019448313,0.029428873,0.037630227,0.042938728,0.045642806,0.046736325,0.046783477,0.046414393,0.045935008,0.045378565,0.044977354,0.044695028
Thailand,Kamphaeng Phet,0.093689337,0.09322656,0.092816858,0.093209993,0.095325509,0.100149627,0.108725412,0.121321018,0.1369148,0.152239894,0.161521356,0.158524189,0.141337448,0.114062568,0.084826274,0.060905676,0.045950544,0.039873298,0.04016712,0.043227738,0.046179738,0.047929364,0.048451585,0.048076738,0.04720744,0.046148279,0.045047534,0.044009451,0.04297651,0.042177298
Thailand,Kanchanaburi,0.106309193,0.107707933,0.109558894,0.112307087,0.116761082,0.12404362,0.134701285,0.148712433,0.164831508,0.179308918,0.186638328,0.180751206,0.160374394,0.129961496,0.097796168,0.071059916,0.053266139,0.044409463,0.042186347,0.043291381,0.045054177,0.046219867,0.046530207,0.046189423,0.045500026,0.0446274,0.043688151,0.0427899,0.041974592,0.041243287
Thailand,Khon Kaen,0.082958954,0.080343286,0.077530552,0.075210852,0.07442919,0.076265423,0.081571594,0.090892808,0.103382181,0.115925352,0.123354508,0.119767468,0.103047555,0.076966996,0.049898954,0.029228032,0.018770919,0.0183624,0.024484637,0.032572866,0.039388578,0.043702653,0.045803801,0.046520321,0.046333483,0.045777739,0.0451416,0.044453589,0.043906921,0.043502473
Thailand,Krabi,0.130572748,0.140383752,0.151747423,0.165101454,0.181272297,0.200903015,0.224095935,0.249827698,0.27513961,0.294652628,0.301460168,0.289527843,0.25858857,0.215720292,0.170839008,0.131837241,0.10239278,0.082830991,0.071415172,0.065659108,0.063071613,0.061800429,0.060900917,0.060062399,0.059123525,0.05803581,0.056874478,0.055657783,0.054435085,0.053327724
Thailand,Lampang,0.082018802,0.080475268,0.078949899,0.078185092,0.079212948,0.08300582,0.091167467,0.104219484,0.121662554,0.139968021,0.153290689,0.1548135,0.141540454,0.117132608,0.089615529,0.066445808,0.051780729,0.045722668,0.045911597,0.048919495,0.051770293,0.05332561,0.053627649,0.052948939,0.051860912,0.050491183,0.049111443,0.04779535,0.046566011,0.045376918
Thailand,Lamphun,0.084525391,0.083432794,0.082184419,0.081849937,0.083319787,0.087685279,0.096194485,0.10965561,0.127416031,0.145917874,0.159154522,0.160433807,0.146663294,0.121924253,0.093939145,0.070376102,0.055063726,0.048320927,0.047754464,0.050062933,0.052368821,0.053585839,0.053651119,0.052807186,0.051510447,0.050109291,0.0486315,0.047234805,0.045833247,0.044674062
Thailand,Loei,0.08064903,0.07812574,0.075607812,0.073586248,0.073152944,0.075369404,0.081520135,0.09198743,0.106093626,0.120874409,0.130764062,0.129527235,0.114411474,0.089445164,0.062588629,0.041430997,0.029917765,0.027759941,0.032057263,0.038450683,0.043944409,0.047392351,0.048922554,0.04916158,0.048737242,0.04791534,0.047063543,0.046241398,0.045504129,0.044791668
Thailand,Lop Buri,0.097612098,0.097274397,0.097151748,0.097668258,0.099802995,0.104634217,0.112815971,0.124507255,0.138582303,0.151616944,0.158280492,0.152625218,0.133162208,0.104216573,0.074002274,0.04994064,0.035632713,0.030813021,0.03262679,0.037111983,0.041328409,0.043987024,0.045214591,0.045359005,0.044930648,0.04422224,0.043419877,0.042667112,0.041996258,0.041416447
Thailand,Mae Hong Son,0.082906982,0.081897187,0.08084996,0.080873673,0.082656767,0.087545214,0.096889852,0.111496361,0.130890257,0.151194898,0.166767777,0.170085998,0.15788276,0.133838949,0.105838511,0.081605078,0.065083675,0.056713087,0.054643071,0.055534492,0.056817175,0.057387843,0.056915793,0.055567906,0.053919265,0.052226128,0.050491212,0.048763179,0.04706675,0.04565742
Thailand,Maha Sarakham,0.083062148,0.080257454,0.077218561,0.074635813,0.073561801,0.075051521,0.079981084,0.088697242,0.100434984,0.112107537,0.118598545,0.114195178,0.096902659,0.070504293,0.043282846,0.022867771,0.013091236,0.013592339,0.020745449,0.029816321,0.037366273,0.042223747,0.044662279,0.045558007,0.045533612,0.04509343,0.044554911,0.043949476,0.043491692,0.043181559
Thailand,Mukdahan,0.073649204,0.069407379,0.064747477,0.060515262,0.057644758,0.057287766,0.060471572,0.067706389,0.078307206,0.089337123,0.096086742,0.092843791,0.077031814,0.052286032,0.026882188,0,0,0,0.0146306,0.026257063,0.035713265,0.041861502,0.045110505,0.04653014,0.046785955,0.04658663,0.046244018,0.045809941,0.045528157,0.045363392
Thailand,Nakhon Nayok,0.102451551,0.102924302,0.103564326,0.105092577,0.108169603,0.113890933,0.122910827,0.135154462,0.14934153,0.161881232,0.167605139,0.160638464,0.139620262,0.109098797,0.077513899,0.05219154,0.03679011,0.031174721,0.032409742,0.036542823,0.04054974,0.043191,0.044415504,0.044720904,0.044392944,0.043745617,0.043076357,0.042382836,0.041736063,0.041265694
Thailand,Nakhon Pathom,0.107636037,0.10919648,0.111125604,0.113962501,0.11850332,0.125744673,0.136293095,0.149979976,0.165401906,0.178852828,0.184978852,0.177834926,0.15621013,0.124794941,0.092017423,0.065075504,0.047557777,0.039472131,0.038238391,0.040277717,0.042844893,0.044528838,0.045281805,0.045265735,0.044804124,0.044082079,0.043349717,0.042601476,0.041877334,0.041330073
Thailand,Nakhon Phanom,0.069592352,0.065067731,0.060286756,0.055936934,0.052900284,0.052381235,0.055639866,0.06313524,0.074357002,0.086545182,0.094769315,0.09316218,0.078824895,0.055273951,0.030510983,0.01241633,0,0,0.017825314,0.028965436,0.038146694,0.044067975,0.047194115,0.048592096,0.048922767,0.048694402,0.048381568,0.048031179,0.047765291,0.04749375
Thailand,Nakhon Ratchasima,0.094188905,0.093071982,0.092007835,0.091644252,0.092688564,0.096406145,0.103417247,0.113933067,0.126830968,0.138716771,0.144574253,0.138508948,0.119000328,0.090276494,0.060684949,0.037670836,0.024962236,0.022297585,0.026398847,0.032902823,0.038602289,0.04228591,0.044061168,0.044632352,0.044420237,0.04387789,0.043213537,0.042565141,0.042030446,0.041569852
Thailand,Nakhon Sawan,0.096071987,0.095770608,0.095615214,0.09605914,0.098268621,0.103177407,0.111586651,0.123715636,0.138549506,0.152595435,0.160464514,0.156023592,0.13762506,0.109415178,0.07966691,0.055656366,0.040975913,0.035469315,0.036412962,0.040079267,0.043617777,0.045802254,0.046663104,0.046527608,0.04589627,0.045020561,0.044110046,0.043171519,0.042360806,0.041721354
Thailand,Nakhon Si Thammarat,0.128257547,0.13750571,0.14825612,0.160894803,0.176270275,0.195012857,0.217303702,0.24213476,0.266848291,0.285969111,0.29265685,0.28089734,0.25036564,0.207912053,0.163556736,0.125269796,0.096841801,0.078486847,0.068330717,0.063544107,0.061612548,0.060704454,0.060058695,0.059282581,0.058364046,0.057272244,0.056113194,0.054900884,0.053688375,0.052608406
Thailand,Nan,0.075625003,0.073309148,0.070932165,0.069149963,0.069232969,0.071981046,0.079106126,0.091252096,0.108069856,0.126125672,0.139637153,0.142128148,0.130055068,0.106658,0.080099748,0.057983394,0.044631803,0.040211253,0.042086883,0.046493116,0.05060065,0.052992002,0.05391359,0.053663404,0.052927389,0.051869155,0.050744167,0.049670977,0.048642279,0.047630458
Thailand,Narathiwat,0.119034035,0.130768299,0.144754154,0.1615532,0.181920419,0.206427614,0.235014045,0.266399988,0.29725631,0.321005551,0.329991667,0.317527337,0.28365007,0.237071335,0.188990875,0.148355724,0.118828242,0.100192079,0.089930633,0.084904064,0.082412012,0.080661027,0.078899127,0.076935179,0.074724214,0.072324073,0.069874732,0.0674625,0.065192621,0.063162518
Thailand,Nong Bua Lam Phu,0.079480626,0.076661696,0.073647431,0.071151261,0.070196962,0.071832671,0.077319128,0.087008363,0.100251735,0.114038553,0.123008855,0.121139811,0.105768878,0.080739505,0.054276596,0.033769626,0.023119041,0.022307194,0.027869836,0.035450918,0.041846711,0.045856812,0.047840797,0.048341852,0.048105804,0.047428354,0.04671514,0.046023668,0.04532538,0.04482118
Thailand,Nong Khai,0.073312409,0.069902541,0.066390118,0.063228801,0.061483507,0.062635621,0.067596693,0.076925345,0.090480686,0.104977968,0.115224077,0.114967317,0.101285064,0.077592822,0.05197329,0.032164544,0.022172009,0.021976458,0.0281307,0.036255381,0.043074813,0.047435792,0.049619115,0.050246828,0.050129908,0.049612428,0.048945453,0.048317823,0.047737333,0.047274254
Thailand,Nonthaburi,0.106804196,0.108180362,0.109840609,0.112493558,0.116772198,0.123736139,0.13399668,0.147395296,0.162541874,0.175758408,0.181720649,0.174495445,0.152873177,0.121527634,0.088903013,0.062235757,0.045131238,0.037564004,0.036866616,0.039366576,0.042266984,0.044167442,0.044999315,0.045103234,0.044681988,0.043986026,0.043276073,0.042538808,0.04184602,0.04132167
Thailand,Pathum Thani,0.105022531,0.106027364,0.107267184,0.109461642,0.113248202,0.119703942,0.129458877,0.142393843,0.157155305,0.170115845,0.175986955,0.168919787,0.147558557,0.116580832,0.084402923,0.058296928,0.041883567,0.035090213,0.035153526,0.038298889,0.041598856,0.043798129,0.044775098,0.044952484,0.044562479,0.043880979,0.043183089,0.042458249,0.041782903,0.041277359
Thailand,Pattani,0.121859964,0.132928788,0.145926184,0.161438079,0.180262199,0.202999847,0.229642124,0.259085478,0.288058818,0.31060997,0.318931123,0.306746078,0.273664991,0.228066732,0.180992543,0.141030849,0.111835127,0.09335038,0.083274467,0.078454015,0.076205366,0.074802412,0.073379132,0.071830737,0.070023039,0.068012083,0.065953521,0.063891541,0.061953205,0.060213807
Thailand,Phangnga,0.131645046,0.140775135,0.151460824,0.164063075,0.17940551,0.198051295,0.220171107,0.244742066,0.269191893,0.288054029,0.294812356,0.28337147,0.253204674,0.21126458,0.167209171,0.128734328,0.099476032,0.079799704,0.068249584,0.062370886,0.059726117,0.058501721,0.057739266,0.057034276,0.056276536,0.055376675,0.054402626,0.053354906,0.052283013,0.051319539
Thailand,Phatthalung,0.127546892,0.137891695,0.149929359,0.16414544,0.181379258,0.202214918,0.226764188,0.25393998,0.280692562,0.301456632,0.308657156,0.296319491,0.264358838,0.220388529,0.174539979,0.13513486,0.10578094,0.086697983,0.075922469,0.07060616,0.068204579,0.066905309,0.065868027,0.064756022,0.06349552,0.062057856,0.060550568,0.05902224,0.057526043,0.056185871
Thailand,Phayao,0.075547536,0.073665694,0.071601552,0.070089079,0.070643581,0.074070959,0.081808337,0.094971378,0.112873277,0.1322552,0.147258498,0.150892192,0.139547151,0.116377688,0.089634614,0.066777474,0.052262758,0.046534253,0.046968401,0.050234871,0.053385999,0.055246003,0.055682626,0.055148719,0.054195161,0.05303849,0.051754687,0.050396043,0.049198031,0.048114715
Thailand,Phetchabun,0.089174548,0.08771595,0.086276323,0.085294491,0.086034052,0.089442135,0.096363399,0.10727509,0.121201187,0.134909224,0.142954807,0.139319773,0.122092193,0.095134726,0.066883563,0.044538596,0.03178981,0.028589205,0.031809764,0.037375719,0.042279876,0.045330499,0.046718066,0.046872825,0.046372474,0.045585129,0.044745707,0.043888037,0.043145541,0.042569093
Thailand,Phetchaburi,0.114789402,0.117911433,0.121553698,0.126274817,0.132834956,0.142169019,0.154730736,0.170211899,0.186984689,0.201078131,0.206965561,0.198764843,0.175472788,0.142002734,0.106940939,0.07755397,0.057433009,0.046697142,0.043060041,0.043235463,0.044547663,0.045552215,0.045980912,0.045875506,0.045404587,0.044740369,0.044044896,0.043281556,0.042590598,0.04202254
Thailand,Phichit,0.091802201,0.090889914,0.090062525,0.089776249,0.091256004,0.095446656,0.103206171,0.114974617,0.129737897,0.144199737,0.15277656,0.149362394,0.132066319,0.104838313,0.076015066,0.052842791,0.03893874,0.034263652,0.03596161,0.040199664,0.044106746,0.04652674,0.04746177,0.047353595,0.046678156,0.045757395,0.044798193,0.043826422,0.042976911,0.042296636
Thailand,Phitsanulok,0.086720144,0.085114351,0.083598731,0.082700777,0.083446205,0.0868572,0.094196452,0.105715253,0.120604116,0.135809775,0.145571845,0.143615135,0.12771271,0.101675774,0.073774649,0.051349695,0.038103735,0.034063792,0.036371109,0.041059682,0.045304512,0.047865487,0.048831168,0.04871914,0.048055028,0.047043819,0.04602762,0.045059996,0.044194484,0.043359699
Thailand,Phra Nakhon Si Ayutthaya,0.103719092,0.104499233,0.105493207,0.107423591,0.110941246,0.117132529,0.126658961,0.139438094,0.154180058,0.167292365,0.173441784,0.166756784,0.145909099,0.115416449,0.083661496,0.057931493,0.041820955,0.035208413,0.035387522,0.038567241,0.041889518,0.04403651,0.044969687,0.045097338,0.044663707,0.043946091,0.04321372,0.042462425,0.041762323,0.041234109
Thailand,Phrae,0.081172811,0.079462381,0.077561792,0.076466925,0.077126981,0.080607304,0.088160073,0.100601973,0.11734142,0.134963442,0.147567444,0.148648173,0.13508476,0.110667752,0.083301755,0.060705438,0.046749005,0.041636274,0.042785358,0.046550569,0.050011979,0.052062982,0.052692537,0.052226465,0.051227531,0.050081984,0.048833575,0.04765431,0.046444922,0.045466614
Thailand,Phuket,0.132513277,0.142689789,0.154430162,0.168323056,0.185116373,0.205384483,0.229217254,0.255539227,0.28137543,0.301321726,0.308063331,0.295922762,0.264882857,0.221646795,0.176390342,0.1368615,0.106627619,0.086061735,0.073709164,0.067169542,0.064077147,0.062501743,0.06145331,0.060573191,0.059628195,0.058549525,0.057393964,0.056186678,0.05495695,0.053835918
Thailand,Prachin Buri,0.101841689,0.102154439,0.102604082,0.103918026,0.106755209,0.112180978,0.120923196,0.132880574,0.146705098,0.158896266,0.164302551,0.157031282,0.135808818,0.105139935,0.073520049,0.048365192,0.033382973,0.028404349,0.030355244,0.035130264,0.039645877,0.042591853,0.044051708,0.044436467,0.044185422,0.043636148,0.043009656,0.04235253,0.041742506,0.041308964
Thailand,Prachuap Khiri Khan,0.119967606,0.124398462,0.129475458,0.135872808,0.144184002,0.155309805,0.169655475,0.18676147,0.204731507,0.219444108,0.225122873,0.215871073,0.190901699,0.155387929,0.118193788,0.086689702,0.064520693,0.051905767,0.046654684,0.045655784,0.046218442,0.046860886,0.047106756,0.047021363,0.046584942,0.045971176,0.045304215,0.04454048,0.043853437,0.043268848
Thailand,Ranong,0.12905448,0.136308804,0.144786591,0.154974079,0.16762292,0.1833814,0.202594737,0.224300991,0.246280046,0.263513881,0.269695838,0.259059837,0.230849525,0.19129643,0.149701179,0.113556135,0.086534657,0.069047768,0.059436819,0.055039645,0.053372331,0.052759288,0.05238547,0.051946759,0.051432825,0.050744387,0.049950817,0.049103311,0.048244993,0.047446652
Thailand,Ratchaburi,0.11148203,0.113844705,0.116703078,0.12054298,0.126162192,0.134524468,0.146182319,0.160877148,0.177111883,0.191065996,0.197243149,0.189734297,0.167455215,0.135118597,0.10128035,0.073064521,0.054051294,0.044349687,0.04157173,0.042370474,0.04406103,0.045248929,0.045753478,0.045612464,0.045112469,0.044380564,0.043642065,0.042884652,0.042134291,0.041558277
Thailand,Rayong,0.109961857,0.112029049,0.114399508,0.117790459,0.122858099,0.130551655,0.141475606,0.155395083,0.170642632,0.18349253,0.188542107,0.179973799,0.15665111,0.123461759,0.089121143,0.061197479,0.043433681,0.035751147,0.035303156,0.038219216,0.041491377,0.043752222,0.044881835,0.045160511,0.044880322,0.044369777,0.04374866,0.043045541,0.042446536,0.041968661
Thailand,Roi Et,0.080716182,0.077427314,0.073848834,0.070729919,0.068975129,0.069776366,0.074042603,0.082098709,0.093161662,0.104254946,0.110360128,0.105904213,0.088612957,0.062431071,0.035636799,0.015838488,0,0,0.017186542,0.027466636,0.035898314,0.041330537,0.044169992,0.045241516,0.04536003,0.04506256,0.044560505,0.044075411,0.043692914,0.04345919
Thailand,Sa Kaeo,0.101030477,0.101128336,0.101338833,0.102379579,0.10490845,0.110011148,0.118403368,0.129975638,0.143378441,0.155123778,0.160121592,0.152511911,0.13099137,0.100065528,0.068323463,0.043313049,0.028843239,0.024700919,0.027630142,0.033302634,0.038508537,0.041911413,0.0436555,0.04420942,0.044053972,0.043565793,0.042987835,0.042369955,0.041795013,0.041403314
Thailand,Sakon Nakhon,0.072197517,0.068138968,0.063824245,0.060009446,0.057547441,0.057624882,0.061508484,0.069639269,0.08146812,0.094180017,0.102729704,0.101110433,0.086554347,0.062644871,0.037414355,0.01865727,0.010394534,0.012333696,0.020846756,0.030939576,0.039299063,0.044672789,0.047436771,0.048592823,0.048756827,0.048399469,0.047970895,0.047514632,0.047160485,0.046785994
Thailand,Samut Prakan,0.107857629,0.109421666,0.111291261,0.114163366,0.118657212,0.125831068,0.13626651,0.149757315,0.164867974,0.177905076,0.183500852,0.175788108,0.153635421,0.121748481,0.088616059,0.061600945,0.044343234,0.036758929,0.036163847,0.038815429,0.041816973,0.043878972,0.044807961,0.044992858,0.044633438,0.043984789,0.043317566,0.042614196,0.041949852,0.041453379
Thailand,Samut Sakhon,0.109520422,0.111451925,0.11374219,0.117080946,0.122085207,0.129794606,0.140774959,0.154804332,0.170410918,0.183857481,0.189702274,0.182063789,0.159819477,0.127717403,0.094280026,0.066729315,0.048679707,0.040155265,0.03858057,0.040399483,0.042822654,0.044477296,0.045189662,0.045253035,0.044831166,0.04414665,0.043448944,0.042718002,0.04202204,0.041491503
Thailand,Samut Songkhram,0.111298083,0.113628098,0.116386405,0.120154633,0.125671879,0.133915213,0.145434177,0.159955744,0.175954985,0.189645815,0.195547332,0.187759169,0.165212331,0.132727431,0.098771457,0.070623274,0.051878027,0.042559072,0.040238047,0.041453203,0.043458831,0.0448635,0.045485179,0.045449165,0.045006644,0.044314767,0.043611914,0.042881795,0.042166603,0.041618806
Thailand,Saraburi,0.100304891,0.100379398,0.100650802,0.101756223,0.104398365,0.109687113,0.118329126,0.13031797,0.144422869,0.157138391,0.163272405,0.156873475,0.136566062,0.106780061,0.07588081,0.051157239,0.036240166,0.030992892,0.032485644,0.03676679,0.040855037,0.04350519,0.044694868,0.044951579,0.044572717,0.04388207,0.043171475,0.042443955,0.041826076,0.041275272
Thailand,Satun,0.127676462,0.139009692,0.15224757,0.167917158,0.186843332,0.209605637,0.236221721,0.265454552,0.293970019,0.315967603,0.323583846,0.310869784,0.277626664,0.232344069,0.18535451,0.145060718,0.114809265,0.094840591,0.083195822,0.077134082,0.074139946,0.072380128,0.070966168,0.069506235,0.067925826,0.066183463,0.064388833,0.062583238,0.060837341,0.059273726
Thailand,Si Sa Ket,0.084964437,0.082111535,0.078930891,0.076257611,0.074986049,0.076167864,0.080730089,0.088843577,0.099527558,0.109792663,0.114635143,0.108642863,0.089725903,0.062007687,0.03384186,0.013082892,0,0,0.014342378,0.025069434,0.033891321,0.03963574,0.042626106,0.043891247,0.044085741,0.043796233,0.043351023,0.042890395,0.042480209,0.042254103
Thailand,Sing Buri,0.100590942,0.100828021,0.101366009,0.102620446,0.105490385,0.111112391,0.12008329,0.132495633,0.147222338,0.160633518,0.167437205,0.161635302,0.141811947,0.112323655,0.081489585,0.056566041,0.041121291,0.035032367,0.035570204,0.038983976,0.042420636,0.044590536,0.045549617,0.04553081,0.045021378,0.044264419,0.043424661,0.042627014,0.041912701,0.041287591
Thailand,Songkhla,0.125494144,0.136458504,0.149351048,0.164659136,0.183168454,0.205473414,0.231649681,0.260481399,0.288781233,0.310710323,0.31849357,0.30608536,0.273102305,0.227869137,0.181193252,0.141201709,0.111575557,0.092371613,0.08157275,0.076166694,0.073607443,0.072087206,0.070752129,0.069351502,0.067752484,0.065976516,0.064145959,0.062302134,0.060540528,0.058961155
Thailand,Sukhothai,0.087437574,0.086277898,0.085163513,0.084733165,0.085998419,0.090022286,0.098083542,0.110528331,0.126506151,0.142924956,0.153842084,0.152763787,0.137349318,0.111425454,0.083317906,0.06018323,0.045832384,0.040449107,0.041288692,0.044749638,0.047979094,0.049852465,0.050441992,0.049937177,0.049030369,0.047917475,0.046621474,0.045472132,0.044434177,0.043533256
Thailand,Suphan Buri,0.103928272,0.104797412,0.106040004,0.10808631,0.111787847,0.11826433,0.128103371,0.141262151,0.156503101,0.170230068,0.177013771,0.170870924,0.15048305,0.120295211,0.088691634,0.06279454,0.046168367,0.038810832,0.03812672,0.040540498,0.043262869,0.045007822,0.04573739,0.045613905,0.045054842,0.044279142,0.043423606,0.042608745,0.041874872,0.041223009
Thailand,Surat Thani,0.129479346,0.137961729,0.147865756,0.159561343,0.173869411,0.191391602,0.212347829,0.235788019,0.259278906,0.27753242,0.284084984,0.27289243,0.243257471,0.201962443,0.158693361,0.121149629,0.093046671,0.074693193,0.064410401,0.059539517,0.057576595,0.056732657,0.056223958,0.0556285,0.054926946,0.054060968,0.053122802,0.052115942,0.051089129,0.050175764
Thailand,Surin,0.08814893,0.085847409,0.083351712,0.081428694,0.080932367,0.082912039,0.088265764,0.097143345,0.108482793,0.119268094,0.124343571,0.118186843,0.099085755,0.071009122,0.042374227,0.020902195,0.010522341,0.01085792,0.018161894,0.027527758,0.035345372,0.040393243,0.04301292,0.044019712,0.044093279,0.043726497,0.043229067,0.042717415,0.04225705,0.04198179
Thailand,Tak,0.093193483,0.092862156,0.092614928,0.093235802,0.095686774,0.100716174,0.109831959,0.123132016,0.139641632,0.156142035,0.16670476,0.164840722,0.148393145,0.121571279,0.092372504,0.068063985,0.052354148,0.045247072,0.044506351,0.046557696,0.048769005,0.050047548,0.050199451,0.049457436,0.048412616,0.047146628,0.045820396,0.044598541,0.043505685,0.042447623
Thailand,Trang,0.129108479,0.139494684,0.151678579,0.165989751,0.183322175,0.204241141,0.228839479,0.256063504,0.282799828,0.303454816,0.310556205,0.298287517,0.266193896,0.222190423,0.176432853,0.136812317,0.107109313,0.087517306,0.07617919,0.070449947,0.067772723,0.066349631,0.065271345,0.064183438,0.06298264,0.061609852,0.060170315,0.058700891,0.05725526,0.055951697
Thailand,Trat,0.109066228,0.11111488,0.113374365,0.116645203,0.121536118,0.129067252,0.139836346,0.153577009,0.168636644,0.181240515,0.186004732,0.176982925,0.153096013,0.119177559,0.084195653,0.05604289,0.038655376,0.03190053,0.032648591,0.036701616,0.04083601,0.04368178,0.045105244,0.045612828,0.045410687,0.044932178,0.044293018,0.043600937,0.042994016,0.04247379
Thailand,Ubon Ratchathani,0.079156321,0.075326987,0.071091826,0.067255776,0.064719087,0.064707696,0.068087679,0.075114295,0.0850406,0.094775776,0.099693973,0.094287914,0.076328659,0.049708466,0.02269988,0,0,0,0.010050776,0.02246385,0.032545272,0.039130624,0.0426149,0.044141586,0.044487386,0.04433634,0.043932148,0.043544492,0.043266504,0.043049671
Thailand,Udon Thani,0.075938472,0.072558735,0.069078001,0.066016165,0.064448269,0.065469094,0.070347962,0.079509501,0.092380487,0.105992101,0.115150721,0.113747398,0.098937427,0.074550579,0.048613765,0.028814134,0.019092093,0.019226164,0.025830032,0.034279592,0.041348801,0.045835314,0.04810408,0.048816686,0.048718152,0.048156654,0.047542251,0.046934167,0.046403865,0.045881715
Thailand,Uthai Thani,0.100151253,0.100589906,0.101262339,0.102631179,0.105813054,0.111721851,0.121113254,0.134115351,0.149620544,0.164071037,0.171949153,0.167156438,0.148143364,0.119204708,0.088590953,0.063470459,0.047372969,0.040296001,0.03971391,0.042102882,0.04472828,0.046354591,0.046871516,0.04657824,0.045859582,0.044928634,0.043977564,0.042992595,0.042140121,0.041455725
Thailand,Uttaradit,0.08229617,0.080412595,0.078559876,0.077276083,0.077617172,0.080819519,0.088035511,0.09975303,0.115467825,0.131824226,0.143178957,0.142989983,0.1285101,0.103654245,0.076340869,0.05414411,0.040906085,0.036741485,0.038862841,0.043453744,0.047529508,0.049966112,0.050962639,0.050640073,0.049880959,0.048878732,0.047694957,0.046631584,0.045653761,0.044821538
Thailand,Yala,0.121379948,0.133228648,0.147304918,0.16417011,0.184591406,0.209113913,0.237690815,0.268981003,0.299647144,0.323212413,0.331882551,0.319224813,0.285173,0.238607327,0.190600206,0.149837671,0.119996656,0.100826375,0.090026997,0.084548703,0.081803886,0.079920941,0.078154676,0.076222527,0.07408884,0.071780222,0.069419962,0.067095204,0.064895517,0.062928615
Thailand,Yasothon,0.078444553,0.074717084,0.070656928,0.067018001,0.064705454,0.064939441,0.068634796,0.076129828,0.086720578,0.09733797,0.103212935,0.098763621,0.081654257,0.0557452,0.029318623,0.010070191,0,0,0.014351554,0.025620185,0.034806665,0.040731436,0.043887794,0.045140373,0.045369477,0.045152896,0.044711463,0.044284503,0.043959507,0.043784594
Vietnam,An Giang,0.104348617,0.107061361,0.110001198,0.11401986,0.119953831,0.128662736,0.140811282,0.156202794,0.17306178,0.187416291,0.193518798,0.185034131,0.160025387,0.123562614,0.0855616,0.055121367,0.036978401,0.031104748,0.03354862,0.03940475,0.044908442,0.04859084,0.050434472,0.050941459,0.050658097,0.049888552,0.048873658,0.047839559,0.046860892,0.046066647
Vietnam,Ba Ria - Vung Tau,0.09404136,0.094823018,0.095383844,0.096959777,0.100330879,0.106441843,0.116123114,0.129349028,0.144698353,0.15846223,0.165154948,0.158426874,0.135299454,0.100496005,0.06390127,0.03516765,0.019850375,0.017929913,0.024852937,0.034609173,0.042942665,0.048398992,0.051214785,0.051963819,0.05170113,0.050790064,0.049561966,0.048303594,0.047174249,0.046162497
Vietnam,Bac Giang,0.046730922,0.043040711,0.038897661,0.03528892,0.032966633,0.033239845,0.037685096,0.047353761,0.062219667,0.079912238,0.095802347,0.103795917,0.098539345,0.081211527,0.059045896,0.040463954,0.030462409,0.029840797,0.035496955,0.04354332,0.050730106,0.055998449,0.059576672,0.061921191,0.063676707,0.065100039,0.066086937,0.066978386,0.067638407,0.068076613
Vietnam,Bac Kan,0.046373388,0.043210792,0.039958483,0.037451078,0.036348431,0.037986852,0.043924924,0.055052919,0.071661105,0.091505456,0.109812682,0.120185217,0.116708116,0.100054696,0.077223825,0.056988281,0.044583628,0.041030579,0.043995488,0.04966735,0.055195452,0.059448849,0.062414764,0.064481147,0.066006174,0.067362748,0.068459755,0.069295202,0.069920156,0.070303599
Vietnam,Bac Lieu,0.105334473,0.109909353,0.115014669,0.121458741,0.130097733,0.141780198,0.157118129,0.175839752,0.195831444,0.212833551,0.220305642,0.211796407,0.185313404,0.146511509,0.105780323,0.072587302,0.051964625,0.043797134,0.044269223,0.04846335,0.052742659,0.055550645,0.056758585,0.056833047,0.05613512,0.054985662,0.053619636,0.052225423,0.050908693,0.049761825
Vietnam,Bac Ninh,0.04879523,0.045005096,0.040660675,0.036968293,0.034870024,0.035157198,0.03952052,0.049193928,0.063995597,0.081587628,0.097165916,0.104568427,0.098738621,0.080794809,0.058322228,0.039483691,0.029632141,0.029025826,0.034849623,0.042997616,0.050255256,0.055382213,0.058784537,0.060923004,0.062481024,0.063658471,0.064497188,0.065170885,0.065604896,0.065889989
Vietnam,Ben Tre,0.099232397,0.101382617,0.103809914,0.107258499,0.112630489,0.120874144,0.132745632,0.14811876,0.165183884,0.180222178,0.18712649,0.179571002,0.155166371,0.118784748,0.080486396,0.049968066,0.032475306,0.027993954,0.03207937,0.039492292,0.046097224,0.050454016,0.052566934,0.053145609,0.052756129,0.051825599,0.050664247,0.04945351,0.048129969,0.047076541
Vietnam,Binh Dinh,0.074112371,0.070222224,0.065645266,0.061144783,0.057546967,0.056093545,0.057633334,0.062522856,0.070095908,0.077849932,0.082026421,0.077025265,0.05957941,0.033523128,0,-0.011821944,-0.016620422,0,0,0.023314777,0.036525929,0.044969655,0.049412203,0.051303195,0.05156214,0.051072743,0.050173275,0.049113058,0.048057709,0.047045015
Vietnam,Binh Duong,0.094647332,0.094694889,0.094716645,0.095513206,0.098046674,0.103199445,0.111835084,0.123906001,0.138153603,0.15092299,0.156709539,0.149533859,0.126582511,0.092683536,0.057275223,0.02991099,0.015584809,0.014135977,0.021275957,0.031092152,0.039560517,0.045126032,0.04803163,0.049142655,0.049092558,0.048287674,0.047292287,0.046261724,0.045390096,0.044555614
Vietnam,Binh Phuoc,0.091345574,0.09039758,0.088962848,0.088315499,0.089325653,0.092993476,0.100147265,0.110622088,0.123404373,0.135286325,0.140519735,0.133380311,0.111415264,0.07890022,0.045005019,0.019307454,0,0,0.016030707,0.02743807,0.036914874,0.043177857,0.046470716,0.047715213,0.047764226,0.047165511,0.04624669,0.045293166,0.04441276,0.043746625
Vietnam,Binh Thuan,0.088846811,0.087985984,0.086998255,0.08665782,0.087986815,0.091992617,0.099493151,0.110596132,0.124094917,0.136695401,0.143162725,0.136858796,0.115280391,0.082122266,0.047458384,0.02081217,0,0.008657947,0.01832325,0.030494977,0.040556285,0.046939865,0.050273262,0.051396118,0.051189844,0.050284303,0.049077102,0.047780685,0.046590923,0.045484707
Vietnam,Ca Mau,0.107636075,0.113059115,0.11915615,0.126706526,0.136512325,0.149452648,0.166106225,0.186005704,0.207008881,0.224722224,0.232260366,0.22339724,0.196011377,0.156454458,0.114887803,0.080818542,0.059094644,0.049610941,0.048704719,0.051739177,0.055126818,0.057387554,0.058272292,0.058205085,0.057354719,0.056133859,0.054725202,0.053273538,0.051888258,0.050687184
Vietnam,Can Tho,0.103741603,0.10683114,0.110234876,0.114746578,0.121237635,0.130585647,0.143482705,0.159720601,0.17739372,0.192559471,0.199043972,0.19066935,0.165475286,0.128465512,0.089610791,0.058417704,0.039765688,0.03356336,0.035799693,0.041569461,0.046969642,0.050588811,0.05233248,0.052760127,0.052350566,0.051456808,0.050324504,0.049191381,0.048096944,0.047164116
Vietnam,Cao Bang,0.044488951,0.041609112,0.038689519,0.036566251,0.035808985,0.037753459,0.043962889,0.055427435,0.072241415,0.092446623,0.11139228,0.122802569,0.120664539,0.10454903,0.081840072,0.061263521,0.048237115,0.043901469,0.046045778,0.051063848,0.05620693,0.060345393,0.063384568,0.065682321,0.067533522,0.069226524,0.070649431,0.071775187,0.072653953,0.073241248
Vietnam,Da Nang,0.064701991,0.059309783,0.053305502,0.047405508,0.042522557,0.039656121,0.040111813,0.044221172,0.051458191,0.059288719,0.063814862,0.059898919,0.044725565,0.021284953,0,-0.018088459,-0.021103213,-0.012051277,0,0.020885852,0.03397191,0.042553193,0.047387173,0.049660409,0.050425326,0.050612982,0.050420329,0.050000081,0.049648407,0.049429024
Vietnam,Dak Lak,0.08151448,0.078327579,0.074636324,0.07127503,0.069119752,0.069410753,0.072935187,0.080075004,0.089871695,0.09930563,0.10373789,0.097636151,0.078175075,0.048954134,0.018784344,0,-0.011238499,0,0,0.022569655,0.034678414,0.042502716,0.046624873,0.048306637,0.048451003,0.047871617,0.046969221,0.045899065,0.04498478,0.044170138
Vietnam,Dak Nong,0.086191259,0.083696789,0.080831249,0.078654047,0.077787296,0.079636795,0.084942086,0.093996135,0.105227781,0.11569174,0.120428353,0.113984943,0.093321143,0.06243751,0.03036769,0,0,0,0.010721783,0.024256559,0.035435819,0.042496104,0.046224819,0.047770359,0.047877999,0.047266548,0.046359816,0.045466761,0.04452603,0.043744821
Vietnam,Dien Bien,0.057086645,0.054520939,0.051917792,0.049985422,0.049692934,0.052409805,0.059691888,0.072828091,0.091416609,0.113169941,0.132304286,0.141832015,0.136072473,0.117130523,0.092251228,0.069854845,0.055251168,0.04929208,0.049843835,0.053536446,0.057337548,0.060105807,0.061538828,0.062219032,0.062414278,0.062465675,0.062298704,0.061973322,0.061530841,0.060961291
Vietnam,Dong Nai,0.09284429,0.092707811,0.092524432,0.093164074,0.095480396,0.100481981,0.108993647,0.120976032,0.135037073,0.147877675,0.15409563,0.147312307,0.124617882,0.090704562,0.055367438,0.027908069,0.013738042,0.012904142,0.020791845,0.031291115,0.040216448,0.046100456,0.049173499,0.050143802,0.049989626,0.049190809,0.048084293,0.04697543,0.045977755,0.045048743
Vietnam,Dong Thap,0.102075064,0.104344435,0.106728751,0.110143017,0.11544701,0.123514816,0.135042971,0.149941183,0.166343784,0.180515371,0.186681791,0.178532739,0.153963796,0.117888218,0.080249362,0.050266936,0.032797313,0.027833852,0.031240372,0.03796335,0.044091716,0.048160947,0.050191756,0.050813371,0.050562741,0.049792408,0.048765404,0.047722994,0.046736104,0.045933625
Vietnam,Gia Lai,0.076076606,0.072033295,0.067300719,0.062820128,0.059475977,0.058368615,0.060455243,0.066113246,0.074522679,0.082867681,0.086821676,0.081103763,0.062866621,0.035619936,0,-0.011658248,-0.017593314,-0.010666682,0,0.020634139,0.033448977,0.041740224,0.046176071,0.048066839,0.04841313,0.047988562,0.047233999,0.04636252,0.04556359,0.04483942
Vietnam,Ha Giang,0.047772039,0.045161956,0.042540315,0.040763025,0.040443662,0.042999653,0.049868719,0.062325688,0.08026721,0.101628513,0.121565705,0.133205219,0.130529437,0.113849311,0.09032392,0.068573058,0.054276007,0.048652731,0.049516345,0.053507595,0.05781674,0.061252163,0.063683101,0.0654371,0.066754902,0.067925116,0.068857507,0.069519898,0.069973861,0.070200084
Vietnam,Ha Nam,0.050945719,0.046775772,0.042086303,0.037915969,0.035369296,0.035294016,0.039310462,0.048274942,0.062229235,0.07887235,0.093294499,0.099395421,0.091908851,0.073387128,0.050817779,0.032577201,0.023543115,0.02412105,0.031078471,0.040112877,0.048020523,0.053651987,0.057074382,0.059063248,0.060398343,0.061351485,0.06195244,0.062464116,0.062705046,0.062905212
Vietnam,Ha Noi,0.050509724,0.046785927,0.042638105,0.03903032,0.036884003,0.037431463,0.041963283,0.05175136,0.066789629,0.084696342,0.100259274,0.107443668,0.101057231,0.082854028,0.059988879,0.041011274,0.030733243,0.029893186,0.035363458,0.043325639,0.050255467,0.055303315,0.058502582,0.060445935,0.061804753,0.062764249,0.063309351,0.063832936,0.06417936,0.064332563
Vietnam,Ha Tinh,0.059556583,0.054308769,0.04869102,0.043101864,0.039043847,0.037587264,0.03983668,0.04650558,0.057516837,0.070169436,0.079480269,0.079866147,0.06783898,0.046286144,0.023159698,0,0,0,0.016245091,0.028790892,0.039063239,0.045817319,0.049691956,0.051554219,0.05235968,0.052602718,0.0527131,0.052638923,0.052622334,0.052650967
Vietnam,Hai Duong,0.048354874,0.044313876,0.039894195,0.035930124,0.033379333,0.03344915,0.037423044,0.046532407,0.060816394,0.077967923,0.093020765,0.09987774,0.093700069,0.075679252,0.053428187,0.03517738,0.025925271,0.026140765,0.032646256,0.041414518,0.049136711,0.054648171,0.058263411,0.060523561,0.062148118,0.06335635,0.064128884,0.064863203,0.065418887,0.065752
Vietnam,Hai Phong,0.047533444,0.043282974,0.038621757,0.034381235,0.031673331,0.031248136,0.034821481,0.043607107,0.057354791,0.073823977,0.088473563,0.094827065,0.088615451,0.070560152,0.048599295,0.030898625,0.022331599,0.02323378,0.030550352,0.039920655,0.0481885,0.054039626,0.057881337,0.060268846,0.061998152,0.063193291,0.064145687,0.064954716,0.06558577,0.065991342
Vietnam,Hau Giang,0.104012097,0.107632872,0.111628725,0.116789386,0.124013397,0.134144848,0.14792083,0.165064268,0.183617126,0.199505597,0.206383545,0.198123443,0.172462132,0.134778281,0.095181577,0.06324874,0.043888237,0.037000949,0.03877296,0.044032825,0.049134426,0.052513334,0.054073244,0.054377415,0.053857122,0.052875226,0.051641697,0.05038853,0.049193056,0.04819113
Vietnam,Ho Chi Minh,0.096355178,0.097165896,0.098125609,0.099977468,0.103622347,0.109894462,0.119706532,0.133023449,0.148233487,0.161940866,0.168193852,0.160992093,0.137636806,0.102646613,0.065955057,0.037291023,0.021770366,0.01925243,0.025282996,0.034290288,0.042157383,0.047276869,0.049941772,0.050862965,0.050668082,0.049782804,0.048676979,0.047541561,0.046481068,0.04553587
Vietnam,Hoa Binh,0.052795251,0.048822744,0.044643009,0.040902915,0.038834028,0.039306081,0.043949904,0.053526166,0.068355454,0.085991972,0.101146402,0.107589678,0.100289135,0.081545973,0.058426486,0.039275506,0.029258078,0.028597522,0.034366774,0.042346438,0.049517874,0.054521233,0.057658998,0.059273817,0.060376896,0.061118999,0.061543012,0.061877593,0.062043791,0.062000278
Vietnam,Hung Yen,0.049723033,0.045706303,0.041312443,0.037379127,0.035019771,0.034996147,0.039144416,0.048412911,0.062810743,0.079907935,0.094898122,0.101543372,0.09502502,0.076665361,0.054112279,0.035742035,0.026349325,0.026341887,0.03279775,0.041415405,0.049054068,0.054468543,0.057952195,0.060046961,0.06151241,0.062456115,0.063177814,0.063782555,0.064203531,0.064436104
Vietnam,Khanh Hoa,0.082552517,0.079987596,0.076941161,0.074172715,0.072545306,0.073289869,0.077244635,0.084726209,0.094818368,0.104799414,0.109914909,0.104442276,0.084984496,0.055146343,0.024316881,0,0,0,0.011649235,0.026818319,0.039028188,0.046791518,0.050768616,0.052249935,0.052089671,0.051169139,0.04992829,0.04845006,0.047029874,0.045734687
Vietnam,Kien Giang,0.10712685,0.111436705,0.116203479,0.122185003,0.130307356,0.141347286,0.155983616,0.173887196,0.192980439,0.209022203,0.215822474,0.206924178,0.180739127,0.142476217,0.102434981,0.069901097,0.049614523,0.041483573,0.041886656,0.045961484,0.050224755,0.053053089,0.05434004,0.054526021,0.053963278,0.052992076,0.051792911,0.050556907,0.04937691,0.048383348
Vietnam,Kon Tum,0.072121696,0.067343472,0.06197615,0.056763406,0.052629808,0.050735509,0.052156472,0.057112985,0.064953908,0.072932171,0.076844504,0.071518528,0.054199944,0.028345606,0,-0.015740512,-0.020576363,-0.012777073,0,0.019198114,0.032162238,0.040633329,0.045192046,0.047241337,0.047739778,0.047611078,0.047060085,0.046434409,0.045871903,0.0453995
Vietnam,Lai Chau,0.054409933,0.051930933,0.04948314,0.047954343,0.047968413,0.051071214,0.058829448,0.072416593,0.09162844,0.114205137,0.134485878,0.145407732,0.141362705,0.123104282,0.098341127,0.075501988,0.060115389,0.053253385,0.053006108,0.055988195,0.059367776,0.061887469,0.06337256,0.064140457,0.06446902,0.064661019,0.064660497,0.064453749,0.064137598,0.063693234
Vietnam,Lam Dong,0.086797694,0.084597779,0.082267875,0.080555272,0.080432518,0.0829341,0.088935944,0.098586982,0.110812094,0.122119648,0.127573779,0.121373821,0.10037778,0.068758028,0.035598229,0.010760234,0,0,0.013496189,0.026840204,0.037724368,0.044714282,0.048441702,0.049775003,0.049743072,0.048990366,0.047936196,0.046724087,0.04558534,0.044565715
Vietnam,Lang Son,0.044621238,0.041075697,0.037197546,0.03387456,0.032121841,0.032898953,0.037845975,0.047935535,0.06316775,0.081586404,0.098564891,0.107738321,0.103771479,0.087090055,0.065067872,0.046107814,0.035521703,0.034037052,0.038813294,0.046134106,0.052823762,0.057794863,0.061377523,0.063737146,0.065496361,0.067034572,0.068267208,0.069283025,0.070070717,0.070610415
Vietnam,Lao Cai,0.051506927,0.048799126,0.046116672,0.044295634,0.043977353,0.046621206,0.05379495,0.066637653,0.08496697,0.10669711,0.126512835,0.13731667,0.133645597,0.115956773,0.09177598,0.069767907,0.055238212,0.04941347,0.050133551,0.05392648,0.058013575,0.061111543,0.063099502,0.064333977,0.065092044,0.06571093,0.066108028,0.066282852,0.066306421,0.066154301
Vietnam,Long An,0.098881466,0.100130208,0.10157252,0.103950247,0.108164061,0.115096991,0.125552857,0.13945615,0.155131507,0.168948178,0.17506037,0.167414005,0.143544019,0.108218922,0.071248457,0.042136669,0.025881805,0.022291049,0.02722484,0.03526379,0.042428076,0.047112646,0.049502477,0.050291057,0.050075761,0.049351974,0.048335703,0.047304232,0.046354045,0.045523159
Vietnam,Nam Dinh,0.050777665,0.046225282,0.041468232,0.036965958,0.03381478,0.033334268,0.036885826,0.045256263,0.058678675,0.07455234,0.08817294,0.093443513,0.085705003,0.066896949,0.044445371,0.026789302,0.018662471,0.020193963,0.028141129,0.038059201,0.0465868,0.052417008,0.056210525,0.058317897,0.059694461,0.060649196,0.061186462,0.061694456,0.062049726,0.062300915
Vietnam,Nghe An,0.059116556,0.054638013,0.049878775,0.045401932,0.042278518,0.042008147,0.045553388,0.054080177,0.067080143,0.082156634,0.093993654,0.096731614,0.086325686,0.06549854,0.041932329,0.023874408,0.015663198,0.017486152,0.025674654,0.03566545,0.044147265,0.049761751,0.052860202,0.054432937,0.055110806,0.055321203,0.055265911,0.055207816,0.055096057,0.055003442
Vietnam,Ninh Binh,0.052094253,0.047629776,0.04298105,0.038606392,0.035596503,0.035298078,0.03904161,0.047849289,0.061286817,0.077299989,0.091156982,0.096239223,0.088298031,0.06921855,0.046559202,0.028651354,0.020153122,0.021326731,0.028936869,0.038560033,0.046827867,0.052461654,0.05611495,0.058041587,0.059282717,0.060107732,0.060520217,0.060917579,0.06117125,0.061337157
Vietnam,Ninh Thuan,0.084790961,0.082481219,0.079972347,0.07809105,0.07764206,0.079728911,0.085237865,0.094327487,0.106296921,0.117653507,0.123411979,0.117909603,0.09748444,0.066409124,0.033525649,0.009121693,0,0,0.01460728,0.028729463,0.040162453,0.04746252,0.0512371,0.052610122,0.052363241,0.051403776,0.050058564,0.048584025,0.047140458,0.045848055
Vietnam,Phu Tho,0.051507259,0.048176314,0.04450519,0.041436084,0.040027243,0.041131432,0.046442625,0.057110962,0.073115122,0.09218655,0.108946306,0.11710863,0.111264408,0.092918536,0.069603175,0.049608792,0.038154969,0.035645565,0.03969246,0.046314947,0.052438901,0.056811418,0.059623612,0.061186069,0.062355216,0.063181273,0.063703707,0.064074972,0.064278925,0.06427674
Vietnam,Phu Yen,0.078520129,0.075349331,0.071513238,0.067846066,0.065205356,0.064769345,0.067433336,0.073478475,0.082154552,0.090944483,0.095394038,0.090123558,0.07158433,0.043794456,0.014794875,0,-0.012228544,0,0.008986637,0.024996967,0.037804899,0.045935116,0.050177874,0.051847422,0.051871196,0.0510894,0.049985646,0.048689172,0.047340743,0.046200049
Vietnam,Quang Binh,0.061346143,0.055854194,0.049744228,0.04414773,0.03937231,0.037248195,0.038636181,0.04421777,0.053367808,0.06424465,0.071795074,0.070402483,0.0569603,0.034677352,0.011488362,0,0,0,0,0.024490831,0.035875385,0.043439812,0.047703899,0.049895428,0.050804726,0.051103227,0.050802969,0.050686985,0.050710369,0.05058044
Vietnam,Quang Nam,0.067104362,0.061837136,0.055926138,0.050163223,0.045451124,0.042802126,0.043484919,0.047823839,0.055153183,0.062908345,0.067176814,0.062711769,0.046813106,0.022591833,0,-0.018212373,-0.02169561,-0.012945603,0,0.019883295,0.033000844,0.04161481,0.046379213,0.048582498,0.049230518,0.049305262,0.049003064,0.04848267,0.048068441,0.047801381
Vietnam,Quang Ngai,0.069795875,0.065271535,0.059947353,0.054792608,0.050440734,0.048214294,0.049062218,0.053220986,0.060305051,0.067835245,0.071857703,0.067174529,0.05074633,0.025858756,0,-0.016210693,-0.019986867,-0.011305,0,0.021725306,0.035038156,0.043650973,0.048308071,0.050411189,0.050922819,0.050732497,0.050150262,0.049393887,0.048657704,0.047951676
Vietnam,Quang Ninh,0.044773612,0.041153057,0.036779981,0.032783473,0.030049077,0.029779242,0.033524976,0.042243403,0.055994905,0.072386627,0.087344409,0.094853538,0.089559023,0.072653752,0.051198808,0.033592135,0.024827938,0.025508584,0.032383753,0.041532699,0.049495349,0.05539685,0.059436526,0.06217786,0.064297623,0.066086759,0.067445788,0.068658499,0.068860164,0.069283155
Vietnam,Quang Tri,0.063265484,0.05772204,0.051524157,0.045506982,0.040724262,0.038175439,0.039202613,0.04392902,0.052004153,0.061012495,0.066817314,0.064120284,0.049514341,0.026318389,0,-0.012751376,-0.016678187,0,0,0.021209642,0.033649928,0.041916348,0.046565858,0.048548731,0.049394794,0.04955496,0.049491468,0.049407816,0.049196409,0.049122896
Vietnam,Soc Trang,0.102885039,0.106667361,0.11085114,0.11622274,0.123722816,0.134135654,0.148295102,0.165911084,0.184954077,0.201306964,0.208662159,0.200656524,0.174763486,0.136918206,0.096913952,0.064603075,0.045063281,0.038210687,0.040003106,0.045377926,0.050504963,0.053890019,0.055415895,0.055658514,0.055056589,0.053981941,0.05265489,0.051313398,0.05002764,0.048950075
Vietnam,Son La,0.05553454,0.05249407,0.049021567,0.046282295,0.045320021,0.047076265,0.052990966,0.06451329,0.081525163,0.101177928,0.118396966,0.126398407,0.11990158,0.100935022,0.076774185,0.055833688,0.043221658,0.039692803,0.042609005,0.048261314,0.053538266,0.057189368,0.059433998,0.060591569,0.061289938,0.061643399,0.061726639,0.061715466,0.061487423,0.061204053
Vietnam,Tay Ninh,0.096565729,0.096491944,0.096587364,0.097487484,0.100115311,0.105339984,0.114041499,0.126239181,0.140429411,0.152938913,0.158653296,0.150919901,0.127907557,0.094065736,0.058838262,0.031547419,0.017123018,0.01521462,0.021679674,0.030928224,0.038965641,0.044228145,0.046972311,0.048004084,0.048027828,0.047492025,0.046630481,0.045585889,0.044711309,0.043999826
Vietnam,Thai Binh,0.049473512,0.045123745,0.040197863,0.035810545,0.03299219,0.032603803,0.036259025,0.044679994,0.058166651,0.074481151,0.0885585,0.094522642,0.08723929,0.068842452,0.046565419,0.028790259,0.020444708,0.021711751,0.029344608,0.03896115,0.04731309,0.053266108,0.057038051,0.059142673,0.060648084,0.061757005,0.062504026,0.063143218,0.063514832,0.063828347
Vietnam,Thai Nguyen,0.047984219,0.044720912,0.041088595,0.037915984,0.03639865,0.037258359,0.042621392,0.053231471,0.069108443,0.087918942,0.105051617,0.114059265,0.109375387,0.092043446,0.069228245,0.049601784,0.038229077,0.035924971,0.040072684,0.046744534,0.053011687,0.057538864,0.060766088,0.062785986,0.064224782,0.065372715,0.066304011,0.067029255,0.06751803,0.067797666
Vietnam,Thanh Hoa,0.054911852,0.050500569,0.046006081,0.041819437,0.039216699,0.038951527,0.042993308,0.052119046,0.065955424,0.082220717,0.095810917,0.100630691,0.092058062,0.072405705,0.049267994,0.030810683,0.021932765,0.022651874,0.029825205,0.038992962,0.046877117,0.052256109,0.055601919,0.057247606,0.058222899,0.058676606,0.058954429,0.059132853,0.059193995,0.059128835
Vietnam,Thua Thien Hue,0.064020073,0.058497849,0.052250494,0.046213845,0.041296334,0.038591277,0.039222545,0.04357267,0.051328496,0.059669808,0.064502888,0.061001064,0.045754293,0.022699318,0,-0.016630402,-0.019981748,-0.011611745,0,0.020301651,0.033458333,0.041721519,0.046446443,0.048713464,0.049508225,0.04970519,0.049579288,0.049419819,0.049137322,0.048966994
Vietnam,Tien Giang,0.099163096,0.101019035,0.103016099,0.105979183,0.110804373,0.118488017,0.129751779,0.144414559,0.160857928,0.175304754,0.181843858,0.174253027,0.150050949,0.114161991,0.076398011,0.04648376,0.02959976,0.025392809,0.029881475,0.03751579,0.044318506,0.048843544,0.051055172,0.051756421,0.051454986,0.050619012,0.049509238,0.048383898,0.047344174,0.04625337
Vietnam,Tra Vinh,0.100568305,0.103540783,0.106774811,0.11114971,0.117547935,0.126858331,0.139856761,0.156382234,0.174502275,0.190284079,0.197541016,0.189828556,0.16473276,0.127655345,0.088430225,0.057001735,0.03849692,0.032863862,0.035962775,0.042420267,0.048399675,0.052313892,0.054137262,0.054556793,0.05404948,0.053037438,0.051754208,0.050454397,0.049222427,0.048194588
Vietnam,Tuyen Quang,0.048510194,0.045382662,0.042157504,0.039715101,0.038674671,0.040458195,0.046609337,0.05817372,0.075063079,0.095275435,0.113772229,0.123772183,0.119959521,0.102692442,0.079501368,0.058815358,0.046089345,0.042245615,0.044800795,0.050260632,0.055536604,0.059527865,0.062182005,0.063930147,0.06515817,0.066202478,0.067001133,0.067548103,0.067922312,0.068085157
Vietnam,Vinh Long,0.101600677,0.104185862,0.107131754,0.111167387,0.117132675,0.125982674,0.138430111,0.154283058,0.171702616,0.186848774,0.193583478,0.185636324,0.160748186,0.124024682,0.085426742,0.054493418,0.036356586,0.030938202,0.034049952,0.04059563,0.046570558,0.050537851,0.052458189,0.05295351,0.052550794,0.051632788,0.050489264,0.049302873,0.04817947,0.047218413
Vietnam,Vinh Phuc,0.04987619,0.046440339,0.042642334,0.039416781,0.037824418,0.038709596,0.043458748,0.053945987,0.069682813,0.08840156,0.104972868,0.113158109,0.107539746,0.08954381,0.066577981,0.046974059,0.035972284,0.034034535,0.038479611,0.045511577,0.051962327,0.056611246,0.059667723,0.061566634,0.062826625,0.063852982,0.064560846,0.065106445,0.065467897,0.065604926
Vietnam,Yen Bai,0.051894761,0.049033327,0.045884384,0.043427611,0.042425936,0.044079424,0.05040844,0.062246207,0.079496404,0.099700128,0.117877161,0.127321974,0.12241159,0.10433937,0.080521622,0.059561896,0.046517434,0.042438523,0.04478945,0.05003159,0.055094461,0.058850574,0.061234266,0.062650981,0.063550317,0.064179121,0.064641395,0.0648924,0.064968153,0.064872645
